SIGLA_INSTITUICAO,NOME_INSTITUICAO,NOME_UNIDADE_ENSINO,ANO,SIGLA_UF_UNIDADE_ENSINO,NOME_MUNICIPIO_UNIDADE_ENSINO
IFPR,Instituto Federal do ParanÃ¡,Campus Jacarezinho,2010,PR,Jacarezinho
IFBA,Instituto Federal da Bahia,Campus JequiÃ©,2010,BA,JequiÃ©
IFRO,Instituto Federal de RondÃ¿nia,Campus Ji-ParanÃ¡,2010,RO,Ji-ParanÃ¡
IFMT,Instituto Federal de Mato Grosso,Campus JuÃ­na,2010,MT,JuÃ­na
IF Farroupilha,Instituto Federal Farroupilha,Campus JÃºlio de Castilhos,2010,RS,JÃºlio de Castilhos
IFAM,Instituto Federal do Amazonas,Campus LÃ¡brea,2010,AM,LÃ¡brea
IFSC,Instituto Federal de Santa Catarina,Campus Lages,2010,SC,Lages
IFAP,Instituto Federal do AmapÃ¡,Campus Laranjal do Jari,2010,AP,Laranjal do Jari
IFG,Instituto Federal de GoiÃ¡s,Campus LuziÃ¢nia,2010,GO,LuziÃ¢nia
IFAP,Instituto Federal do AmapÃ¡,Campus MacapÃ¡,2010,AP,MacapÃ¡
IFPA,Instituto Federal do ParÃ¡,Campus MarabÃ¡ Rural,2010,PA,MarabÃ¡
IFAM,Instituto Federal do Amazonas,Campus MauÃ©s,2010,AM,MauÃ©s
IFPB,Instituto Federal da ParaÃ­ba,Campus Monteiro,2010,PB,Monteiro
IFNMG,Instituto Federal do Norte de Minas Gerais,Campus Montes Claros,2010,MG,Montes Claros
IF Sudeste MG,Instituto Federal do Sudeste de Minas Gerais,Campus MuriaÃ©,2010,MG,MuriaÃ©
IFMS,Instituto Federal de Mato Grosso do Sul,Campus Nova Andradina,2010,MS,Nova Andradina
IFRS,Instituto Federal do Rio Grande do Sul,Campus OsÃ³rio,2010,RS,OsÃ³rio
IF SertÃ£o-PE,Instituto Federal do SertÃ£o Pernambucano,Campus Ouricuri,2010,PE,Ouricuri
IF Farroupilha,Instituto Federal Farroupilha,Campus Panambi,2010,RS,Panambi
IFTM,Instituto Federal do TriÃ¢ngulo Mineiro,Campus Paracatu,2010,MG,Paracatu
IFPR,Instituto Federal do ParanÃ¡,Campus ParanavaÃ­,2010,PR,ParanavaÃ­
IFAM,Instituto Federal do Amazonas,Campus Parintins,2010,AM,Parintins
IFPB,Instituto Federal da ParaÃ­ba,Campus Patos,2010,PB,Patos
IFPI,Instituto Federal do PiauÃ­,Campus Paulistana,2010,PI,Paulistana
IFBA,Instituto Federal da Bahia,Campus Paulo Afonso,2010,BA,Paulo Afonso
IFAL,Instituto Federal de Alagoas,Campus Penedo,2010,AL,Penedo
IFPB,Instituto Federal da ParaÃ­ba,Campus PicuÃ­,2010,PB,PicuÃ­
IFMA,Instituto Federal do MaranhÃ£o,Campus Pinheiro,2010,MA,Pinheiro
IFSP,Instituto Federal de SÃ£o Paulo,Campus Piracicaba,2010,SP,Piracicaba
IFNMG,Instituto Federal do Norte de Minas Gerais,Campus Pirapora,2010,MG,Pirapora
IFPI,Instituto Federal do PiauÃ­,Campus Piripiri,2010,PI,Piripiri
IFRS,Instituto Federal do Rio Grande do Sul,Campus Porto Alegre Restinga,2010,RS,Porto Alegre
IFTO,Instituto Federal do Tocantins,Campus Porto Nacional,2010,TO,Porto Nacional
IFRO,Instituto Federal de RondÃ¿nia,Campus Porto Velho Zona Norte,2010,RO,Porto Velho
IFSP,Instituto Federal de SÃ£o Paulo,Campus Presidente EpitÃ¡cio,2010,SP,Presidente EpitÃ¡cio
IFAM,Instituto Federal do Amazonas,Campus Presidente Figueiredo,2010,AM,Presidente Figueiredo
IFPB,Instituto Federal da ParaÃ­ba,Campus Princesa Isabel,2010,PB,Princesa Isabel
IFSP,Instituto Federal de SÃ£o Paulo,Campus Registro,2010,SP,Registro
IFAC,Instituto Federal do Acre,Campus Rio Branco,2010,AC,Rio Branco
CPII,ColÃ©gio Pedro II,Campus Realengo I,2010,RJ,Rio de Janeiro
IFRJ,Instituto Federal do Rio de Janeiro,Campus Realengo,2010,RJ,Rio de Janeiro
IFMT,Instituto Federal de Mato Grosso,Campus RondonÃ³polis,2010,MT,RondonÃ³polis
IF SertÃ£o-PE,Instituto Federal do SertÃ£o Pernambucano,Campus Salgueiro,2010,PE,Salgueiro
IFMA,Instituto Federal do MaranhÃ£o,Campus Santa InÃªs - IFMA,2010,MA,Santa InÃªs
IF Farroupilha,Instituto Federal Farroupilha,Campus Santa Rosa,2010,RS,Santa Rosa
IFPA,Instituto Federal do ParÃ¡,Campus SantarÃ©m,2010,PA,SantarÃ©m
IF Farroupilha,Instituto Federal Farroupilha,Campus SÃ£o Borja,2010,RS,SÃ£o Borja
IFRJ,Instituto Federal do Rio de Janeiro,Campus SÃ£o GonÃ§alo,2010,RJ,SÃ£o GonÃ§alo
IFMA,Instituto Federal do MaranhÃ£o,Campus SÃ£o JoÃ£o dos Patos,2010,MA,SÃ£o JoÃ£o dos Patos
IFMA,Instituto Federal do MaranhÃ£o,Campus SÃ£o LuÃ­s Centro HistÃ³rico,2010,MA,SÃ£o LuÃ­s
IFSC,Instituto Federal de Santa Catarina,Campus SÃ£o Miguel do Oeste,2010,SC,SÃ£o Miguel do Oeste
IFMA,Instituto Federal do MaranhÃ£o,Campus SÃ£o Raimundo das Mangabeiras,2010,MA,SÃ£o Raimundo das Mangabeiras
IFPI,Instituto Federal do PiauÃ­,Campus SÃ£o Raimundo Nonato,2010,PI,SÃ£o Raimundo Nonato
IFBA,Instituto Federal da Bahia,Campus Seabra,2010,BA,Seabra
IFAC,Instituto Federal do Acre,Campus Sena Madureira,2010,AC,Sena Madureira
IFSP,Instituto Federal de SÃ£o Paulo,Campus Suzano,2010,SP,Suzano
IFAM,Instituto Federal do Amazonas,Campus Tabatinga,2010,AM,Tabatinga
IF Baiano,Instituto Federal Baiano,Campus Teixeira de Freitas,2010,BA,Teixeira de Freitas
IFPR,Instituto Federal do ParanÃ¡,Campus TelÃªmaco Borba,2010,PR,TelÃªmaco Borba
IFPI,Instituto Federal do PiauÃ­,Campus Teresina Zona Sul,2010,PI,Teresina
IFMA,Instituto Federal do MaranhÃ£o,Campus Timon,2010,MA,Timon
IFTM,Instituto Federal do TriÃ¢ngulo Mineiro,Campus UberlÃ¢ndia,2010,MG,UberlÃ¢ndia
IFPR,Instituto Federal do ParanÃ¡,Campus Umuarama,2010,PR,Umuarama
IFPI,Instituto Federal do PiauÃ­,Campus UruÃ§uÃ­,2010,PI,UruÃ§uÃ­
IF Baiano,Instituto Federal Baiano,Campus ValenÃ§a,2010,BA,ValenÃ§a
CEFET-MG,Centro Federal de EducaÃ§Ã£o TecnolÃ³gica de Minas Gerais,Uned Varginha,2010,MG,Varginha
IFC,Instituto Federal Catarinense,Campus Videira,2010,SC,Videira
IFES,Instituto Federal do EspÃ­rito Santo,Campus Vila Velha,2010,ES,Vila Velha
IFRO,Instituto Federal de RondÃ¿nia,Campus Vilhena,2010,RO,Vilhena
IFSP,Instituto Federal de SÃ£o Paulo,Campus Votuporanga,2010,SP,Votuporanga
IFMS,Instituto Federal de Mato Grosso do Sul,Campus Aquidauana,2011,MS,Aquidauana
IFMS,Instituto Federal de Mato Grosso do Sul,Campus Campo Grande,2011,MS,Campo Grande
IFMS,Instituto Federal de Mato Grosso do Sul,Campus CorumbÃ¡,2011,MS,CorumbÃ¡
IFMS,Instituto Federal de Mato Grosso do Sul,Campus Coxim,2011,MS,Coxim
IFBA,Instituto Federal da Bahia,Campus Feira de Santana,2011,BA,Feira de Santana
IFBA,Instituto Federal da Bahia,Campus IlhÃ©us,2011,BA,IlhÃ©us
IFBA,Instituto Federal da Bahia,Campus Jacobina,2011,BA,Jacobina
IFMS,Instituto Federal de Mato Grosso do Sul,Campus Ponta PorÃ£,2011,MS,Ponta PorÃ£
IFMS,Instituto Federal de Mato Grosso do Sul,Campus TrÃªs Lagoas,2011,MS,TrÃªs Lagoas
IF Baiano,Instituto Federal Baiano,Campus UruÃ§uca,2011,BA,UruÃ§uca
IFSul,Instituto Federal Sul-rio-grandense,Campus VenÃ¢ncio Aires,2011,RS,VenÃ¢ncio Aires
IFG,Instituto Federal de GoiÃ¡s,Campus Aparecida de GoiÃ¢nia,2012,GO,Aparecida de GoiÃ¢nia
CPII,ColÃ©gio Pedro II,Campus Duque de Caxias CP,2012,RJ,Duque de Caxias
IFG,Instituto Federal de GoiÃ¡s,Campus Cidade de GoiÃ¡s,2012,GO,GoiÃ¡s
IFAL,Instituto Federal de Alagoas,Campus Piranhas,2012,AL,Piranhas
IFCE,Instituto Federal do CearÃ¡,Campus Aracati,2013,CE,Aracati
IFRJ,Instituto Federal do Rio de Janeiro,Campus Arraial do Cabo,2013,RJ,Arraial do Cabo
IFPR,Instituto Federal do ParanÃ¡,Campus Assis Chateaubriand,2013,PR,Assis Chateaubriand
IFCE,Instituto Federal do CearÃ¡,Campus BaturitÃ©,2013,CE,BaturitÃ©
IFMG,Instituto Federal de Minas Gerais,Campus Betim,2013,MG,Betim
IFC,Instituto Federal Catarinense,Campus Blumenau,2013,SC,Blumenau
IFRR,Instituto Federal de Roraima,Campus Boa Vista Zona Oeste,2013,RR,Boa Vista
IFSP,Instituto Federal de SÃ£o Paulo,Campus Boituva,2013,SP,Boituva
IFB,Instituto Federal de BrasÃ­lia,Campus CeilÃ¢ndia,2013,DF,BrasÃ­lia
IFB,Instituto Federal de BrasÃ­lia,Campus Estrutural,2013,DF,BrasÃ­lia
IFB,Instituto Federal de BrasÃ­lia,Campus Recanto das Emas,2013,DF,BrasÃ­lia
IFB,Instituto Federal de BrasÃ­lia,Campus Riacho Fundo,2013,DF,BrasÃ­lia
IFB,Instituto Federal de BrasÃ­lia,Campus SÃ£o SebastiÃ£o,2013,DF,BrasÃ­lia
IFPA,Instituto Federal do ParÃ¡,Campus Breves,2013,PA,Breves
IFBA,Instituto Federal da Bahia,Campus Brumado,2013,BA,Brumado
IFC,Instituto Federal Catarinense,Campus Brusque,2013,SC,Brusque
IFPE,Instituto Federal de Pernambuco,Campus Cabo de Santo Agostinho,2013,PE,Cabo de Santo Agostinho
IFSC,Instituto Federal de Santa Catarina,Campus CaÃ§ador,2013,SC,CaÃ§ador
IFRO,Instituto Federal de RondÃ¿nia,Campus Cacoal,2013,RO,Cacoal
IFCE,Instituto Federal do CearÃ¡,Campus Camocim,2013,CE,Camocim
IFPR,Instituto Federal do ParanÃ¡,Campus Campo Largo,2013,PR,Campo Largo
IFRN,Instituto Federal do Rio Grande do Norte,Campus Canguaretama,2013,RN,Canguaretama
IFSP,Instituto Federal de SÃ£o Paulo,Campus Capivari,2013,SP,Capivari
IFCE,Instituto Federal do CearÃ¡,Campus Caucaia,2013,CE,Caucaia
IFRN,Instituto Federal do Rio Grande do Norte,Campus CearÃ¡-Mirim,2013,RN,CearÃ¡-Mirim
IFMA,Instituto Federal do MaranhÃ£o,Campus Coelho Neto,2013,MA,Coelho Neto
IFTO,Instituto Federal do Tocantins,Campus DianÃ³polis,2013,TO,DianÃ³polis
IFRJ,Instituto Federal do Rio de Janeiro,Campus Engenheiro Paulo de Frontin,2013,RJ,Engenheiro Paulo de Frontin
IFRS,Instituto Federal do Rio Grande do Sul,Campus Farroupilha,2013,RS,Farroupilha
IFRS,Instituto Federal do Rio Grande do Sul,Campus Feliz,2013,RS,Feliz
IFC,Instituto Federal Catarinense,Campus Fraiburgo,2013,SC,Fraiburgo
IFSC,Instituto Federal de Santa Catarina,Campus Garopaba,2013,SC,Garopaba
IF Baiano,Instituto Federal Baiano,Campus Governador Mangabeira,2013,BA,Governador Mangabeira
IFMA,Instituto Federal do MaranhÃ£o,Campus GrajaÃº,2013,MA,GrajaÃº
IFSul,Instituto Federal Sul-rio-grandense,Campus GravataÃ­,2013,RS,GravataÃ­
IFPB,Instituto Federal da ParaÃ­ba,Campus Guarabira,2013,PB,Guarabira
IFES,Instituto Federal do EspÃ­rito Santo,Campus Guarapari,2013,ES,Guarapari
IFAM,Instituto Federal do Amazonas,Campus HumaitÃ¡,2013,AM,HumaitÃ¡
IFC,Instituto Federal Catarinense,Campus Ibirama,2013,SC,Ibirama
IFRS,Instituto Federal do Rio Grande do Sul,Campus IbirubÃ¡,2013,RS,IbirubÃ¡
IFPR,Instituto Federal do ParanÃ¡,Campus Irati,2013,PR,Irati
IFPR,Instituto Federal do ParanÃ¡,Campus IvaiporÃ£,2013,PR,IvaiporÃ£
IFPE,Instituto Federal de Pernambuco,Campus JaboatÃ£o dos Guararapes,2013,PE,JaboatÃ£o dos Guararapes
IF Farroupilha,Instituto Federal Farroupilha,Campus Jaguari,2013,RS,Jaguari
IFCE,Instituto Federal do CearÃ¡,Campus Jaguaribe,2013,CE,Jaguaribe
IFSC,Instituto Federal de Santa Catarina,Campus JaraguÃ¡ do Sul Rau,2013,SC,JaraguÃ¡ do Sul
IFSul,Instituto Federal Sul-rio-grandense,Campus Lajeado,2013,RS,Lajeado
IFPR,Instituto Federal do ParanÃ¡,Campus Londrina,2013,PR,Londrina
IFC,Instituto Federal Catarinense,Campus Luzerna,2013,SC,Luzerna
IFSP,Instituto Federal de SÃ£o Paulo,Campus MatÃ£o,2013,SP,MatÃ£o
IFCE,Instituto Federal do CearÃ¡,Campus Morada Nova,2013,CE,Morada Nova
IFRN,Instituto Federal do Rio Grande do Norte,Campus Natal Cidade Alta,2013,RN,Natal
IFRN,Instituto Federal do Rio Grande do Norte,Campus Nova Cruz,2013,RN,Nova Cruz
IFPA,Instituto Federal do ParÃ¡,Campus Ãbidos,2013,PA,Ãbidos
IFPI,Instituto Federal do PiauÃ­,Campus Oeiras,2013,PI,Oeiras
IFMG,Instituto Federal de Minas Gerais,Campus Ouro Branco,2013,MG,Ouro Branco
IFSC,Instituto Federal de Santa Catarina,Campus PalhoÃ§a,2013,SC,PalhoÃ§a
IFPR,Instituto Federal do ParanÃ¡,Campus Palmas - IFPR,2013,PR,Palmas
IFRN,Instituto Federal do Rio Grande do Norte,Campus Parnamirim,2013,RN,Parnamirim
IFSULDEMINAS,Instituto Federal do Sul de Minas Gerais,Campus Passos,2013,MG,Passos
IFTM,Instituto Federal do TriÃ¢ngulo Mineiro,Campus Patos de Minas,2013,MG,Patos de Minas
IFTM,Instituto Federal do TriÃ¢ngulo Mineiro,Campus PatrocÃ­nio,2013,MG,PatrocÃ­nio
IFMA,Instituto Federal do MaranhÃ£o,Campus Pedreiras,2013,MA,Pedreiras
IFPI,Instituto Federal do PiauÃ­,Campus Pedro II,2013,PI,Pedro II
IFSul,Instituto Federal Sul-rio-grandense,Campus Pelotas Visconde da GraÃ§a,2013,RS,Pelotas
IFES,Instituto Federal do EspÃ­rito Santo,Campus PiÃºma,2013,ES,PiÃºma
IFSULDEMINAS,Instituto Federal do Sul de Minas Gerais,Campus PoÃ§os de Caldas,2013,MG,PoÃ§os de Caldas
IFRO,Instituto Federal de RondÃ¿nia,Campus Porto Velho Calama,2013,RO,Porto Velho
IFSULDEMINAS,Instituto Federal do Sul de Minas Gerais,Campus Pouso Alegre,2013,MG,Pouso Alegre
IFMT,Instituto Federal de Mato Grosso,Campus Primavera do Leste,2013,MT,Primavera do Leste
IFF,Instituto Federal Fluminense,Campus QuissamÃ£,2013,RJ,QuissamÃ£
IFMG,Instituto Federal de Minas Gerais,Campus RibeirÃ£o das Neves,2013,MG,RibeirÃ£o das Neves
IFMG,Instituto Federal de Minas Gerais,Campus SabarÃ¡,2013,MG,SabarÃ¡
IFMG,Instituto Federal de Minas Gerais,Campus Santa Luzia - IFMG,2013,MG,Santa Luzia
IFAL,Instituto Federal de Alagoas,Campus Santana do Ipanema,2013,AL,Santana do Ipanema
IFSul,Instituto Federal Sul-rio-grandense,Campus Santana do Livramento,2013,RS,Sant'Ana do Livramento
IF Sudeste MG,Instituto Federal do Sudeste de Minas Gerais,Campus Santos Dumont,2013,MG,Santos Dumont
IFSC,Instituto Federal de Santa Catarina,Campus SÃ£o Carlos - IFSC,2013,SC,SÃ£o Carlos
IFC,Instituto Federal Catarinense,Campus SÃ£o Francisco do Sul,2013,SC,SÃ£o Francisco do Sul
IFRN,Instituto Federal do Rio Grande do Norte,Campus SÃ£o GonÃ§alo do Amarante,2013,RN,SÃ£o GonÃ§alo do Amarante
IF Sudeste MG,Instituto Federal do Sudeste de Minas Gerais,Campus SÃ£o JoÃ£o del Rei,2013,MG,SÃ£o JoÃ£o del-Rei
IFPI,Instituto Federal do PiauÃ­,Campus SÃ£o JoÃ£o do PiauÃ­,2013,PI,SÃ£o JoÃ£o do PiauÃ­
IFSP,Instituto Federal de SÃ£o Paulo,Campus SÃ£o JosÃ© dos Campos,2013,SP,SÃ£o JosÃ© dos Campos
IFAL,Instituto Federal de Alagoas,Campus SÃ£o Miguel dos Campos,2013,AL,SÃ£o Miguel dos Campos
IFRN,Instituto Federal do Rio Grande do Norte,Campus SÃ£o Paulo do Potengi,2013,RN,SÃ£o Paulo do Potengi
IFSul,Instituto Federal Sul-rio-grandense,Campus Sapiranga,2013,RS,Sapiranga
IFMT,Instituto Federal de Mato Grosso,Campus Sorriso,2013,MT,Sorriso
IFCE,Instituto Federal do CearÃ¡,Campus Tabuleiro do Norte,2013,CE,Tabuleiro do Norte
IFAC,Instituto Federal do Acre,Campus TarauacÃ¡,2013,AC,TarauacÃ¡
CPII,ColÃ©gio Pedro II,Campus SÃ£o CristÃ³vÃ£o II,1888,RJ,Rio de Janeiro
IFS,Instituto Federal de Sergipe,Campus Aracaju,1909,SE,Aracaju
IFPA,Instituto Federal do ParÃ¡,Campus BelÃ©m,1909,PA,BelÃ©m
CEFET-MG,Centro Federal de EducaÃ§Ã£o TecnolÃ³gica de Minas Gerais,Unidade Belo Horizonte,1909,MG,Belo Horizonte
IFF,Instituto Federal Fluminense,Campus Campos Centro,1909,RJ,Campos dos Goytacazes
IFPB,Instituto Federal da ParaÃ­ba,Campus JoÃ£o Pessoa,1909,PB,Coronel JoÃ£o Pessoa
IFMT,Instituto Federal de Mato Grosso,Campus CuiabÃ¡,1909,MT,CuiabÃ¡
IFSC,Instituto Federal de Santa Catarina,Campus FlorianÃ³polis,1909,SC,FlorianÃ³polis
IFCE,Instituto Federal do CearÃ¡,Campus Fortaleza,1909,CE,Fortaleza
IFAL,Instituto Federal de Alagoas,Campus MaceiÃ³,1909,AL,MaceiÃ³
IFAM,Instituto Federal do Amazonas,Campus Manaus Centro,1909,AM,Manaus
IFRN,Instituto Federal do Rio Grande do Norte,Campus Natal Central,1909,RN,Natal
IFRS,Instituto Federal do Rio Grande do Sul,Campus Porto Alegre,1909,RS,Porto Alegre
IFBA,Instituto Federal da Bahia,Campus Salvador,1909,BA,Salvador
IFMA,Instituto Federal do MaranhÃ£o,Campus SÃ£o LuÃ­s Monte Castelo,1909,MA,SÃ£o LuÃ­s
IFSP,Instituto Federal de SÃ£o Paulo,Campus SÃ£o Paulo,1909,SP,SÃ£o Paulo
IFPI,Instituto Federal do PiauÃ­,Campus Teresina Central,1909,PI,Teresina
IFES,Instituto Federal do EspÃ­rito Santo,Campus VitÃ³ria,1909,ES,VitÃ³ria
IF Sudeste MG,Instituto Federal do Sudeste de Minas Gerais,Campus Barbacena,1910,MG,Barbacena
IFAL,Instituto Federal de Alagoas,Campus Satuba,1911,AL,Satuba
CEFET-RJ,Centro Federal de EducaÃ§Ã£o TecnolÃ³gica Celso Suckow da Fonseca,Unidade MaracanÃ£,1917,RJ,Rio de Janeiro
IFSULDEMINAS,Instituto Federal do Sul de Minas Gerais,Campus Inconfidentes,1918,MG,Inconfidentes
IFPA,Instituto Federal do ParÃ¡,Campus Castanhal,1921,PA,Castanhal
IFRJ,Instituto Federal do Rio de Janeiro,Campus Pinheiral,1934,RJ,Pinheiral
CPII,ColÃ©gio Pedro II,Campus Centro,1938,RJ,Rio de Janeiro
IFAM,Instituto Federal do Amazonas,Campus Manaus Zona Leste,1940,AM,Manaus
IFES,Instituto Federal do EspÃ­rito Santo,Campus Santa Teresa,1940,ES,Santa Teresa
IFG,Instituto Federal de GoiÃ¡s,Campus GoiÃ¢nia,1942,GO,GoiÃ¢nia
IFMG,Instituto Federal de Minas Gerais,Campus Ouro Preto,1942,MG,Ouro Preto
IFSul,Instituto Federal Sul-rio-grandense,Campus Pelotas,1942,RS,Pelotas
IFMT,Instituto Federal de Mato Grosso,Campus SÃ£o Vicente,1943,MT,Santo AntÃ¿nio de Leverger
IF Sudeste MG,Instituto Federal do Sudeste de Minas Gerais,Campus Juiz de Fora,1946,MG,Juiz de Fora
IFSULDEMINAS,Instituto Federal do Sul de Minas Gerais,Campus Machado,1946,MG,Machado
IFS,Instituto Federal de Sergipe,Campus SÃ£o CristÃ³vÃ£o,1946,SE,SÃ£o CristÃ³vÃ£o
IFPB,Instituto Federal da ParaÃ­ba,Campus Sousa,1946,PB,Sousa
IFES,Instituto Federal do EspÃ­rito Santo,Campus Alegre,1947,ES,Alegre
IFES,Instituto Federal do EspÃ­rito Santo,Campus Itapina,1947,ES,Colatina
IFCE,Instituto Federal do CearÃ¡,Campus Crato,1947,CE,Crato
IFNMG,Instituto Federal do Norte de Minas Gerais,Campus Salinas,1947,MG,Salinas
IFMA,Instituto Federal do MaranhÃ£o,Campus SÃ£o LuÃ­s MaracanÃ£,1947,MA,SÃ£o LuÃ­s
IFSULDEMINAS,Instituto Federal do Sul de Minas Gerais,Campus Muzambinho,1948,MG,Muzambinho
IFMG,Instituto Federal de Minas Gerais,Campus SÃ£o JoÃ£o Evangelista,1951,MG,SÃ£o JoÃ£o Evangelista
CPII,ColÃ©gio Pedro II,Campus Engenho Novo II,1952,RJ,Rio de Janeiro
CPII,ColÃ©gio Pedro II,Campus HumaitÃ¡ II,1952,RJ,Rio de Janeiro
IFC,Instituto Federal Catarinense,Campus CamboriÃº,1953,SC,CamboriÃº
IF Goiano,Instituto Federal Goiano,Campus UrutaÃ­,1953,GO,UrutaÃ­
IFC,Instituto Federal Catarinense,Campus Araquari,1954,SC,Araquari
IFTM,Instituto Federal do TriÃ¢ngulo Mineiro,Campus Uberaba,1954,MG,Uberaba
IF Farroupilha,Instituto Federal Farroupilha,Campus Frederico Westphalen,1957,RS,Frederico Westphalen
CPII,ColÃ©gio Pedro II,Campus Tijuca II,1957,RJ,Rio de Janeiro
IFRS,Instituto Federal do Rio Grande do Sul,Campus SertÃ£o,1957,RS,SertÃ£o
IFRS,Instituto Federal do Rio Grande do Sul,Campus Bento GonÃ§alves,1959,RS,Bento GonÃ§alves
IFNMG,Instituto Federal do Norte de Minas Gerais,Campus JanuÃ¡ria,1960,MG,JanuÃ¡ria
IFCE,Instituto Federal do CearÃ¡,Campus Iguatu,1962,CE,Iguatu
IF Farroupilha,Instituto Federal Farroupilha,Campus Alegrete,1964,RS,Alegrete
IF Baiano,Instituto Federal Baiano,Campus Catu,1964,BA,Catu
IFRS,Instituto Federal do Rio Grande do Sul,Campus Rio Grande,1964,RS,Rio Grande
IF Sudeste MG,Instituto Federal do Sudeste de Minas Gerais,Campus Rio Pomba,1964,MG,Rio Pomba
IFC,Instituto Federal Catarinense,Campus ConcÃ³rdia,1967,SC,ConcÃ³rdia
IFMG,Instituto Federal de Minas Gerais,Campus BambuÃ­,1968,MG,BambuÃ­
IF Goiano,Instituto Federal Goiano,Campus Rio Verde,1968,GO,Rio Verde
IFF,Instituto Federal Fluminense,Campus Bom Jesus do Itabapoana,1970,RJ,Bom Jesus do Itabapoana
IFMT,Instituto Federal de Mato Grosso,Campus CÃ¡ceres,1980,MT,CÃ¡ceres
CPII,ColÃ©gio Pedro II,Campus SÃ£o CristÃ³vÃ£o I,1984,RJ,Rio de Janeiro
IFTO,Instituto Federal do Tocantins,Campus Araguatins,1985,TO,Araguatins
CPII,ColÃ©gio Pedro II,Campus HumaitÃ¡ I,1985,RJ,Rio de Janeiro
CPII,ColÃ©gio Pedro II,Campus Engenho Novo I,1986,RJ,Rio de Janeiro
IFPA,Instituto Federal do ParÃ¡,Campus Altamira,1987,PA,Altamira
IFSP,Instituto Federal de SÃ£o Paulo,Campus CubatÃ£o,1987,SP,CubatÃ£o
CEFET-MG,Centro Federal de EducaÃ§Ã£o TecnolÃ³gica de Minas Gerais,Uned DivinÃ³polis,1987,MG,DivinÃ³polis
IFMA,Instituto Federal do MaranhÃ£o,Campus Imperatriz,1987,MA,Imperatriz
CEFET-MG,Centro Federal de EducaÃ§Ã£o TecnolÃ³gica de Minas Gerais,Uned Leopoldina,1987,MG,Leopoldina
IFPA,Instituto Federal do ParÃ¡,Campus MarabÃ¡ Industrial,1987,PA,MarabÃ¡
CPII,ColÃ©gio Pedro II,Campus Tijuca I,1987,RJ,Rio de Janeiro
IFG,Instituto Federal de GoiÃ¡s,Campus JataÃ­,1988,GO,JataÃ­
IF SertÃ£o-PE,Instituto Federal do SertÃ£o Pernambucano,Campus Petrolina,1988,PE,Petrolina
IF SertÃ£o-PE,Instituto Federal do SertÃ£o Pernambucano,Campus Petrolina Zona Rural,1988,PE,Petrolina
CEFET-MG,Centro Federal de EducaÃ§Ã£o TecnolÃ³gica de Minas Gerais,Uned AraxÃ¡,1992,MG,AraxÃ¡
IFES,Instituto Federal do EspÃ­rito Santo,Campus Colatina,1992,ES,Colatina
IFF,Instituto Federal Fluminense,Campus MacaÃ©,1992,RJ,MacaÃ©
IFAM,Instituto Federal do Amazonas,Campus Manaus Distrito Industrial,1992,AM,Manaus
IFAL,Instituto Federal de Alagoas,Campus Palmeira dos Ãndios,1992,AL,Palmeira dos Ãndios
IFBA,Instituto Federal da Bahia,Campus Barreiras,1993,BA,Barreiras
IF Goiano,Instituto Federal Goiano,Campus Ceres,1993,GO,Ceres
IFMA,Instituto Federal do MaranhÃ£o,Campus CodÃ³,1993,MA,CodÃ³
IFRO,Instituto Federal de RondÃ¿nia,Campus Colorado do Oeste,1993,RO,Colorado do Oeste
IFBA,Instituto Federal da Bahia,Campus EunÃ¡polis,1993,BA,EunÃ¡polis
IF Baiano,Instituto Federal Baiano,Campus Guanambi,1993,BA,Guanambi
IFC,Instituto Federal Catarinense,Campus Rio do Sul,1993,SC,Rio do Sul
IF Baiano,Instituto Federal Baiano,Campus Santa InÃªs - IF Baiano,1993,BA,Santa InÃªs
IFC,Instituto Federal Catarinense,Campus Santa Rosa do Sul,1993,SC,Santa Rosa do Sul
IFAM,Instituto Federal do Amazonas,Campus SÃ£o Gabriel da Cachoeira,1993,AM,SÃ£o Gabriel da Cachoeira
IF Baiano,Instituto Federal Baiano,Campus Senhor do Bonfim,1993,BA,Senhor do Bonfim
IFBA,Instituto Federal da Bahia,Campus VitÃ³ria da Conquista,1993,BA,VitÃ³ria da Conquista
IFPB,Instituto Federal da ParaÃ­ba,Campus Cajazeiras,1994,PB,Cajazeiras
IFPI,Instituto Federal do PiauÃ­,Campus Floriano,1994,PI,Floriano
IFSC,Instituto Federal de Santa Catarina,Campus JaraguÃ¡ do Sul,1994,SC,JaraguÃ¡ do Sul
IFS,Instituto Federal de Sergipe,Campus Lagarto,1994,SE,Lagarto
IFRN,Instituto Federal do Rio Grande do Norte,Campus MossorÃ³,1994,RN,MossorÃ³
IFRJ,Instituto Federal do Rio de Janeiro,Campus NilÃ³polis,1994,RJ,NilÃ³polis
IFPA,Instituto Federal do ParÃ¡,Campus TucuruÃ­,1994,PA,TucuruÃ­
IFBA,Instituto Federal da Bahia,Campus ValenÃ§a Tento,1994,BA,ValenÃ§a
IFCE,Instituto Federal do CearÃ¡,Campus Cedro,1995,CE,Cedro
IFCE,Instituto Federal do CearÃ¡,Campus Juazeiro do Norte,1995,CE,Juazeiro do Norte
IFAL,Instituto Federal de Alagoas,Campus Marechal Deodoro,1995,AL,Marechal Deodoro
IFSul,Instituto Federal Sul-rio-grandense,Campus Sapucaia do Sul,1995,RS,Sapucaia do Sul
IFSP,Instituto Federal de SÃ£o Paulo,Campus SertÃ£ozinho,1996,SP,SertÃ£ozinho
IF Goiano,Instituto Federal Goiano,Campus Morrinhos,1997,GO,Morrinhos
CPII,ColÃ©gio Pedro II,Campus SÃ£o CristÃ³vÃ£o III,1999,RJ,Rio de Janeiro
IFRJ,Instituto Federal do Rio de Janeiro,Campus Rio de Janeiro,1999,RJ,Rio de Janeiro
IFES,Instituto Federal do EspÃ­rito Santo,Campus Serra,2000,ES,Serra
IFES,Instituto Federal do EspÃ­rito Santo,Campus Cachoeiro de Itapemirim,2003,ES,Cachoeiro de Itapemirim
CEFET-RJ,Centro Federal de EducaÃ§Ã£o TecnolÃ³gica Celso Suckow da Fonseca,Uned Nova IguaÃ§u,2003,RJ,Nova IguaÃ§u
IFTO,Instituto Federal do Tocantins,Campus Palmas - IFTO,2003,TO,Palmas
IFRJ,Instituto Federal do Rio de Janeiro,Campus Paracambi,2003,RJ,Paracambi
IFSC,Instituto Federal de Santa Catarina,Campus SÃ£o JosÃ©,2003,SC,SÃ£o JosÃ©
CPII,ColÃ©gio Pedro II,Campus Realengo II,2004,RJ,Rio de Janeiro
IFSP,Instituto Federal de SÃ£o Paulo,Campus Guarulhos,2005,SP,Guarulhos
IFSP,Instituto Federal de SÃ£o Paulo,Campus BraganÃ§a Paulista,2006,SP,BraganÃ§a Paulista
IFMA,Instituto Federal do MaranhÃ£o,Campus Buriticupu,2006,MA,Buriticupu
IFF,Instituto Federal Fluminense,Campus Campos Guarus,2006,RJ,Campos dos Goytacazes
IFRR,Instituto Federal de Roraima,Campus Novo ParaÃ­so,2006,RR,CaracaraÃ­
IFSP,Instituto Federal de SÃ£o Paulo,Campus Caraguatatuba,2006,SP,Caraguatatuba
IFES,Instituto Federal do EspÃ­rito Santo,Campus Cariacica,2006,ES,Cariacica
IFSC,Instituto Federal de Santa Catarina,Campus ChapecÃ³,2006,SC,ChapecÃ³
IFSul,Instituto Federal Sul-rio-grandense,Campus Charqueadas,2006,RS,Charqueadas
IFAM,Instituto Federal do Amazonas,Campus Coari,2006,AM,Coari
IFMG,Instituto Federal de Minas Gerais,Campus Congonhas,2006,MG,Congonhas
IFMT,Instituto Federal de Mato Grosso,Campus CuiabÃ¡ Bela Vista,2006,MT,CuiabÃ¡
IFRN,Instituto Federal do Rio Grande do Norte,Campus Currais Novos,2006,RN,Currais Novos
IFSC,Instituto Federal de Santa Catarina,Campus FlorianÃ³polis Continente,2006,SC,FlorianÃ³polis
IFG,Instituto Federal de GoiÃ¡s,Campus Inhumas,2006,GO,Inhumas
IFSC,Instituto Federal de Santa Catarina,Campus Joinville,2006,SC,Joinville
IFCE,Instituto Federal do CearÃ¡,Campus MaracanaÃº,2006,CE,MaracanaÃº
CEFET-MG,Centro Federal de EducaÃ§Ã£o TecnolÃ³gica de Minas Gerais,Uned Nepomuceno,2006,MG,Nepomuceno
CPII,ColÃ©gio Pedro II,Campus NiterÃ³i - CPII,2006,RJ,NiterÃ³i
IFTO,Instituto Federal do Tocantins,Campus ParaÃ­so do Tocantins,2006,TO,ParaÃ­so do Tocantins
IFPI,Instituto Federal do PiauÃ­,Campus ParnaÃ­ba,2006,PI,ParnaÃ­ba
IFPI,Instituto Federal do PiauÃ­,Campus Picos,2006,PI,Picos
IFBA,Instituto Federal da Bahia,Campus Porto Seguro,2006,BA,Porto Seguro
CEFET-RJ,Centro Federal de EducaÃ§Ã£o TecnolÃ³gica Celso Suckow da Fonseca,Uned Maria da GraÃ§a,2006,RJ,Rio de Janeiro
IFSP,Instituto Federal de SÃ£o Paulo,Campus Salto,2006,SP,Salto
IFBA,Instituto Federal da Bahia,Campus Santo Amaro,2006,BA,Santo Amaro
IFSP,Instituto Federal de SÃ£o Paulo,Campus SÃ£o JoÃ£o da Boa Vista,2006,SP,SÃ£o JoÃ£o da Boa Vista
IFES,Instituto Federal do EspÃ­rito Santo,Campus SÃ£o Mateus,2006,ES,SÃ£o Mateus
IFBA,Instituto Federal da Bahia,Campus SimÃµes Filho,2006,BA,SimÃµes Filho
CEFET-MG,Centro Federal de EducaÃ§Ã£o TecnolÃ³gica de Minas Gerais,Uned TimÃ³teo,2006,MG,TimÃ³teo
IFMA,Instituto Federal do MaranhÃ£o,Campus ZÃ© Doca,2006,MA,ZÃ© Doca
IFBA,Instituto Federal da Bahia,Campus CamaÃ§ari,2007,BA,CamaÃ§ari
IFPB,Instituto Federal da ParaÃ­ba,Campus Campina Grande,2007,PB,Campina Grande
IFPE,Instituto Federal de Pernambuco,Campus Ipojuca,2007,PE,Ipojuca
IFRN,Instituto Federal do Rio Grande do Norte,Campus Natal Zona Norte,2007,RN,Natal
IFSul,Instituto Federal Sul-rio-grandense,Campus Passo Fundo,2007,RS,Passo Fundo
IF Farroupilha,Instituto Federal Farroupilha,Campus Santo Augusto,2007,RS,Santo Augusto
IFSP,Instituto Federal de SÃ£o Paulo,Campus SÃ£o Carlos - IFSP,2007,SP,SÃ£o Carlos
IFPA,Instituto Federal do ParÃ¡,Campus Abaetetuba,2008,PA,Abaetetuba
IFES,Instituto Federal do EspÃ­rito Santo,Campus Aracruz,2008,ES,Aracruz
IFSC,Instituto Federal de Santa Catarina,Campus AraranguÃ¡,2008,SC,AraranguÃ¡
IFPE,Instituto Federal de Pernambuco,Campus Barreiros,2008,PE,Barreiros
IFPE,Instituto Federal de Pernambuco,Campus Belo Jardim,2008,PE,Belo Jardim
IFPA,Instituto Federal do ParÃ¡,Campus BraganÃ§a,2008,PA,BraganÃ§a
IFB,Instituto Federal de BrasÃ­lia,Campus Planaltina,2008,DF,BrasÃ­lia
IFF,Instituto Federal Fluminense,Campus Cabo Frio,2008,RJ,Cabo Frio
IFMT,Instituto Federal de Mato Grosso,Campus Campo Novo do Parecis,2008,MT,Campo Novo do Parecis
IFSP,Instituto Federal de SÃ£o Paulo,Campus Campos do JordÃ£o,2008,SP,Campos do JordÃ£o
CEFET-MG,Centro Federal de EducaÃ§Ã£o TecnolÃ³gica de Minas Gerais,Uned Contagem,2008,MG,Contagem
IFPR,Instituto Federal do ParanÃ¡,Campus Curitiba,2008,PR,Curitiba
IFRJ,Instituto Federal do Rio de Janeiro,Campus Duque de Caxias,2008,RJ,Duque de Caxias
IFMG,Instituto Federal de Minas Gerais,Campus Formiga,2008,MG,Formiga
IFS,Instituto Federal de Sergipe,Campus Itabaiana - IFS,2008,SE,Itabaiana
IFG,Instituto Federal de GoiÃ¡s,Campus Itumbiara,2008,GO,Itumbiara
IFCE,Instituto Federal do CearÃ¡,Campus Limoeiro do Norte,2008,CE,Limoeiro do Norte
IFES,Instituto Federal do EspÃ­rito Santo,Campus Linhares,2008,ES,Linhares
IFAL,Instituto Federal de Alagoas,Campus Maragogi,2008,AL,Maragogi
IFS,Instituto Federal de Sergipe,Campus Nossa Senhora da GlÃ³ria,2008,SE,Nossa Senhora da GlÃ³ria
CEFET-RJ,Centro Federal de EducaÃ§Ã£o TecnolÃ³gica Celso Suckow da Fonseca,Uned Nova Friburgo,2008,RJ,Nova Friburgo
IFES,Instituto Federal do EspÃ­rito Santo,Campus Nova VenÃ©cia,2008,ES,Nova VenÃ©cia
IFPR,Instituto Federal do ParanÃ¡,Campus ParanaguÃ¡,2008,PR,ParanaguÃ¡
IFPE,Instituto Federal de Pernambuco,Campus Pesqueira,2008,PE,Pesqueira
CEFET-RJ,Centro Federal de EducaÃ§Ã£o TecnolÃ³gica Celso Suckow da Fonseca,Uned PetrÃ³polis,2008,RJ,PetrÃ³polis
IFMT,Instituto Federal de Mato Grosso,Campus Pontes e Lacerda,2008,MT,Pontes e Lacerda
IFCE,Instituto Federal do CearÃ¡,Campus QuixadÃ¡,2008,CE,QuixadÃ¡
IFPE,Instituto Federal de Pernambuco,Campus Recife,2008,PE,Recife
IFSP,Instituto Federal de SÃ£o Paulo,Campus SÃ£o Roque,2008,SP,SÃ£o Roque
IF Farroupilha,Instituto Federal Farroupilha,Campus SÃ£o Vicente do Sul,2008,RS,SÃ£o Vicente do Sul
IFCE,Instituto Federal do CearÃ¡,Campus Sobral,2008,CE,Sobral
IFG,Instituto Federal de GoiÃ¡s,Campus UruaÃ§u,2008,GO,UruaÃ§u
IFPE,Instituto Federal de Pernambuco,Campus VitÃ³ria de Santo AntÃ£o,2008,PE,VitÃ³ria de Santo AntÃ£o
IFRJ,Instituto Federal do Rio de Janeiro,Campus Volta Redonda,2008,RJ,Volta Redonda
IFRN,Instituto Federal do Rio Grande do Norte,Campus Apodi,2009,RN,Apodi
IFTO,Instituto Federal do Tocantins,Campus AraguaÃ­na,2009,TO,AraguaÃ­na
IFRN,Instituto Federal do Rio Grande do Norte,Campus CaicÃ³,2009,RN,CaicÃ³
IFRN,Instituto Federal do Rio Grande do Norte,Campus IpanguaÃ§u,2009,RN,IpanguaÃ§u
IFF,Instituto Federal Fluminense,Campus Itaperuna,2009,RJ,Itaperuna
IFRN,Instituto Federal do Rio Grande do Norte,Campus JoÃ£o CÃ¢mara,2009,RN,JoÃ£o CÃ¢mara
IFRN,Instituto Federal do Rio Grande do Norte,Campus Macau,2009,RN,Macau
IFRN,Instituto Federal do Rio Grande do Norte,Campus Pau dos Ferros,2009,RN,Pau dos Ferros
IFRN,Instituto Federal do Rio Grande do Norte,Campus Santa Cruz,2009,RN,Santa Cruz
CEFET-RJ,Centro Federal de EducaÃ§Ã£o TecnolÃ³gica Celso Suckow da Fonseca,Uned ValenÃ§a,2009,RJ,ValenÃ§a
IFMA,Instituto Federal do MaranhÃ£o,Campus AÃ§ailÃ¢ndia,2010,MA,AÃ§ailÃ¢ndia
IFCE,Instituto Federal do CearÃ¡,Campus AcaraÃº,2010,CE,AcaraÃº
IFPE,Instituto Federal de Pernambuco,Campus Afogados da Ingazeira,2010,PE,Afogados da Ingazeira
IFMA,Instituto Federal do MaranhÃ£o,Campus AlcÃ¢ntara,2010,MA,AlcÃ¢ntara
IFNMG,Instituto Federal do Norte de Minas Gerais,Campus Almenara,2010,MG,Almenara
IFRR,Instituto Federal de Roraima,Campus Amajari,2010,RR,Amajari
IFG,Instituto Federal de GoiÃ¡s,Campus AnÃ¡polis,2010,GO,AnÃ¡polis
IFPI,Instituto Federal do PiauÃ­,Campus Angical do PiauÃ­,2010,PI,Angical do PiauÃ­
CEFET-RJ,Centro Federal de EducaÃ§Ã£o TecnolÃ³gica Celso Suckow da Fonseca,Uned Angra dos Reis,2010,RJ,Angra dos Reis
IFNMG,Instituto Federal do Norte de Minas Gerais,Campus AraÃ§uaÃ­,2010,MG,AraÃ§uaÃ­
IFAL,Instituto Federal de Alagoas,Campus Arapiraca,2010,AL,Arapiraca
IFSP,Instituto Federal de SÃ£o Paulo,Campus Araraquara,2010,SP,Araraquara
IFNMG,Instituto Federal do Norte de Minas Gerais,Campus Arinos,2010,MG,Arinos
IFRO,Instituto Federal de RondÃ¿nia,Campus Ariquemes,2010,RO,Ariquemes
IFSP,Instituto Federal de SÃ£o Paulo,Campus AvarÃ©,2010,SP,AvarÃ©
IFMA,Instituto Federal do MaranhÃ£o,Campus Bacabal,2010,MA,Bacabal
IFSul,Instituto Federal Sul-rio-grandense,Campus BagÃ©,2010,RS,BagÃ©
IFMA,Instituto Federal do MaranhÃ£o,Campus Barra do Corda,2010,MA,Barra do Corda
IFMT,Instituto Federal de Mato Grosso,Campus Barra do GarÃ§as,2010,MT,Barra do GarÃ§as
IFMA,Instituto Federal do MaranhÃ£o,Campus Barreirinhas,2010,MA,Barreirinhas
IFSP,Instituto Federal de SÃ£o Paulo,Campus Barretos,2010,SP,Barretos
IFSP,Instituto Federal de SÃ£o Paulo,Campus Birigui,2010,SP,Birigui
IFRR,Instituto Federal de Roraima,Campus Boa Vista,2010,RR,Boa Vista
IF Baiano,Instituto Federal Baiano,Campus Bom Jesus da Lapa,2010,BA,Bom Jesus da Lapa
IFB,Instituto Federal de BrasÃ­lia,Campus BrasÃ­lia,2010,DF,BrasÃ­lia
IFB,Instituto Federal de BrasÃ­lia,Campus Gama,2010,DF,BrasÃ­lia
IFB,Instituto Federal de BrasÃ­lia,Campus Samambaia,2010,DF,BrasÃ­lia
IFB,Instituto Federal de BrasÃ­lia,Campus Taguatinga,2010,DF,BrasÃ­lia
IFPB,Instituto Federal da ParaÃ­ba,Campus Cabedelo,2010,PB,Cabedelo
IFSul,Instituto Federal Sul-rio-grandense,Campus CamaquÃ£,2010,RS,CamaquÃ£
IFSP,Instituto Federal de SÃ£o Paulo,Campus Campinas,2010,SP,Campinas
IFCE,Instituto Federal do CearÃ¡,Campus CanindÃ©,2010,CE,CanindÃ©
IFRS,Instituto Federal do Rio Grande do Sul,Campus Canoas,2010,RS,Canoas
IFSC,Instituto Federal de Santa Catarina,Campus Canoinhas,2010,SC,Canoinhas
IFPE,Instituto Federal de Pernambuco,Campus Caruaru,2010,PE,Caruaru
IFSP,Instituto Federal de SÃ£o Paulo,Campus Catanduva,2010,SP,Catanduva
IFMA,Instituto Federal do MaranhÃ£o,Campus Caxias,2010,MA,Caxias
IFRS,Instituto Federal do Rio Grande do Sul,Campus Caxias do Sul,2010,RS,Caxias do Sul
IFPA,Instituto Federal do ParÃ¡,Campus ConceiÃ§Ã£o do Araguaia,2010,PA,ConceiÃ§Ã£o do Araguaia
IFMT,Instituto Federal de Mato Grosso,Campus Confresa,2010,MT,Confresa
IFPI,Instituto Federal do PiauÃ­,Campus Corrente,2010,PI,Corrente
IFCE,Instituto Federal do CearÃ¡,Campus CrateÃºs,2010,CE,CrateÃºs
IFSC,Instituto Federal de Santa Catarina,Campus CriciÃºma,2010,SC,CriciÃºma
IFAC,Instituto Federal do Acre,Campus Cruzeiro do Sul,2010,AC,Cruzeiro do Sul
CEFET-MG,Centro Federal de EducaÃ§Ã£o TecnolÃ³gica de Minas Gerais,Uned Curvelo,2010,MG,Curvelo
IFRS,Instituto Federal do Rio Grande do Sul,Campus Erechim,2010,RS,Erechim
IF SertÃ£o-PE,Instituto Federal do SertÃ£o Pernambucano,Campus Floresta,2010,PE,Floresta
IFG,Instituto Federal de GoiÃ¡s,Campus Formosa,2010,GO,Formosa
IFPR,Instituto Federal do ParanÃ¡,Campus Foz do IguaÃ§u,2010,PR,Foz do IguaÃ§u
IFPE,Instituto Federal de Pernambuco,Campus Garanhuns,2010,PE,Garanhuns
IFSC,Instituto Federal de Santa Catarina,Campus Gaspar,2010,SC,Gaspar
IFMG,Instituto Federal de Minas Gerais,Campus Governador Valadares,2010,MG,Governador Valadares
IFTO,Instituto Federal do Tocantins,Campus Gurupi,2010,TO,Gurupi
IFSP,Instituto Federal de SÃ£o Paulo,Campus HortolÃ¢ndia,2010,SP,HortolÃ¢ndia
IFES,Instituto Federal do EspÃ­rito Santo,Campus Ibatiba,2010,ES,Ibatiba
IF Goiano,Instituto Federal Goiano,Campus IporÃ¡,2010,GO,IporÃ¡
IFBA,Instituto Federal da Bahia,Campus IrecÃª,2010,BA,IrecÃª
CEFET-RJ,Centro Federal de EducaÃ§Ã£o TecnolÃ³gica Celso Suckow da Fonseca,Uned ItaguaÃ­,2010,RJ,ItaguaÃ­
IFPA,Instituto Federal do ParÃ¡,Campus Itaituba,2010,PA,Itaituba
IFSC,Instituto Federal de Santa Catarina,Campus ItajaÃ­,2010,SC,ItajaÃ­
IF Baiano,Instituto Federal Baiano,Campus Itapetinga,2010,BA,Itapetinga
IFSP,Instituto Federal de SÃ£o Paulo,Campus Itapetininga,2010,SP,Itapetininga
IFTM,Instituto Federal do TriÃ¢ngulo Mineiro,Campus Ituiutaba,2010,MG,Ituiutaba
IFCE,Instituto Federal do CearÃ¡,Campus TauÃ¡,2013,CE,TauÃ¡
IFCE,Instituto Federal do CearÃ¡,Campus TianguÃ¡,2013,CE,TianguÃ¡
IFSC,Instituto Federal de Santa Catarina,Campus TubarÃ£o,2013,SC,TubarÃ£o
IFCE,Instituto Federal do CearÃ¡,Campus Ubajara,2013,CE,Ubajara
IFTM,Instituto Federal do TriÃ¢ngulo Mineiro,Campus UberlÃ¢ndia Centro,2013,MG,UberlÃ¢ndia
IFCE,Instituto Federal do CearÃ¡,Campus Umirim,2013,CE,Umirim
IFSC,Instituto Federal de Santa Catarina,Campus Urupema,2013,SC,Urupema
IFMT,Instituto Federal de Mato Grosso,Campus VÃ¡rzea Grande,2013,MT,VÃ¡rzea Grande
IFES,Instituto Federal do EspÃ­rito Santo,Campus Venda Nova do Imigrante,2013,ES,Venda Nova do Imigrante
IFSC,Instituto Federal de Santa Catarina,Campus XanxerÃª,2013,SC,XanxerÃª
IFAC,Instituto Federal do Acre,Campus Xapuri,2013,AC,Xapuri
IFG,Instituto Federal de GoiÃ¡s,Campus Ãguas Lindas de GoiÃ¡s,2014,GO,Ãguas Lindas de GoiÃ¡s
IFPR,Instituto Federal do ParanÃ¡,Campus AvanÃ§ado BarracÃ£o,2014,PR,BarracÃ£o
IFAL,Instituto Federal de Alagoas,Campus Batalha,2014,AL,Batalha
IF Sudeste MG,Instituto Federal do Sudeste de Minas Gerais,Campus AvanÃ§ado Bom Sucesso,2014,MG,Bom Sucesso
IFF,Instituto Federal Fluminense,Campus AvanÃ§ado Cambuci,2014,RJ,Cambuci
IFTM,Instituto Federal do TriÃ¢ngulo Mineiro,Campus AvanÃ§ado Campina Verde,2014,MG,Campina Verde
IFPI,Instituto Federal do PiauÃ­,Campus Campo Maior,2014,PI,Campo Maior
IFSULDEMINAS,Instituto Federal do Sul de Minas Gerais,Campus AvanÃ§ado Carmo de Minas,2014,MG,Carmo de Minas
IFMA,Instituto Federal do MaranhÃ£o,Campus AvanÃ§ado Carolina,2014,MA,Carolina
IFPR,Instituto Federal do ParanÃ¡,Campus Cascavel,2014,PR,Cascavel
IF Goiano,Instituto Federal Goiano,Campus AvanÃ§ado CatalÃ£o,2014,GO,CatalÃ£o
IFPI,Instituto Federal do PiauÃ­,Campus Cocal,2014,PI,Cocal
IFTO,Instituto Federal do Tocantins,Campus Colinas do Tocantins,2014,TO,Colinas do Tocantins
IFAL,Instituto Federal de Alagoas,Campus Coruripe,2014,AL,Coruripe
IF Goiano,Instituto Federal Goiano,Campus Cristalina,2014,GO,Cristalina
IFMT,Instituto Federal de Mato Grosso,Campus AvanÃ§ado Diamantino,2014,MT,Diamantino
IFS,Instituto Federal de Sergipe,Campus EstÃ¢ncia,2014,SE,EstÃ¢ncia
IFG,Instituto Federal de GoiÃ¡s,Campus GoiÃ¢nia Oeste,2014,GO,GoiÃ¢nia
IFCE,Instituto Federal do CearÃ¡,Campus AvanÃ§ado Guaramiranga,2014,CE,Guaramiranga
IF Goiano,Instituto Federal Goiano,Campus AvanÃ§ado HidrolÃ¢ndia,2014,GO,HidrolÃ¢ndia
IF Goiano,Instituto Federal Goiano,Campus AvanÃ§ado Ipameri,2014,GO,Ipameri
IFMG,Instituto Federal de Minas Gerais,Campus AvanÃ§ado Ipatinga,2014,MG,Ipatinga
IFSul,Instituto Federal Sul-rio-grandense,Campus AvanÃ§ado JaguarÃ£o,2014,RS,JaguarÃ£o
IFCE,Instituto Federal do CearÃ¡,Campus AvanÃ§ado Jaguaruana,2014,CE,Jaguaruana
IFTO,Instituto Federal do Tocantins,Campus AvanÃ§ado Lagoa da ConfusÃ£o,2014,TO,Lagoa da ConfusÃ£o
IFAM,Instituto Federal do Amazonas,Campus AvanÃ§ado Manacapuru,2014,AM,Manacapuru
IFES,Instituto Federal do EspÃ­rito Santo,Campus Montanha,2014,ES,Montanha
IFPE,Instituto Federal de Pernambuco,Campus Palmares,2014,PE,Palmares
IFPA,Instituto Federal do ParÃ¡,Campus Parauapebas,2014,PA,Parauapebas
IFTO,Instituto Federal do Tocantins,Campus AvanÃ§ado Pedro Afonso,2014,TO,Pedro Afonso
IFPI,Instituto Federal do PiauÃ­,Campus AvanÃ§ado PIO IX,2014,PI,Pio IX
IFMG,Instituto Federal de Minas Gerais,Campus AvanÃ§ado Piumhi,2014,MG,Piumhi
IFMA,Instituto Federal do MaranhÃ£o,Campus AvanÃ§ado Porto Franco,2014,MA,Porto Franco
IFS,Instituto Federal de Sergipe,Campus PropriÃ¡,2014,SE,PropriÃ¡
IFAC,Instituto Federal do Acre,Campus Rio Branco Baixada do Sol,2014,AC,Rio Branco
IFAL,Instituto Federal de Alagoas,Campus Rio Largo,2014,AL,Rio Largo
IFMA,Instituto Federal do MaranhÃ£o,Campus AvanÃ§ado RosÃ¡rio,2014,MA,RosÃ¡rio
IF SertÃ£o-PE,Instituto Federal do SertÃ£o Pernambucano,Campus Santa Maria da Boa Vista,2014,PE,Santa Maria da Boa Vista
IF Farroupilha,Instituto Federal Farroupilha,Campus Santo Ãngelo,2014,RS,Santo Ãngelo
IFF,Instituto Federal Fluminense,Campus AvanÃ§ado SÃ£o JoÃ£o da Barra,2014,RJ,SÃ£o JoÃ£o da Barra
IFMA,Instituto Federal do MaranhÃ£o,Campus SÃ£o JosÃ© de Ribamar,2014,MA,SÃ£o JosÃ© de Ribamar
IFG,Instituto Federal de GoiÃ¡s,Campus Senador Canedo,2014,GO,Senador Canedo
IF SertÃ£o-PE,Instituto Federal do SertÃ£o Pernambucano,Campus Serra Talhada,2014,PE,Serra Talhada
IFC,Instituto Federal Catarinense,Campus AvanÃ§ado Sombrio,2014,SC,Sombrio
IFMT,Instituto Federal de Mato Grosso,Campus AvanÃ§ado TangarÃ¡ da Serra,2014,MT,TangarÃ¡ da Serra
IFPI,Instituto Federal do PiauÃ­,Campus AvanÃ§ado Teresina Dirceu Arcoverde,2014,PI,Teresina
IFS,Instituto Federal de Sergipe,Campus Tobias Barreto,2014,SE,Tobias Barreto
IFSULDEMINAS,Instituto Federal do Sul de Minas Gerais,Campus AvanÃ§ado TrÃªs CoraÃ§Ãµes,2014,MG,TrÃªs CoraÃ§Ãµes
IF Farroupilha,Instituto Federal Farroupilha,Campus AvanÃ§ado Uruguaiana,2014,RS,Uruguaiana
IFPI,Instituto Federal do PiauÃ­,Campus ValenÃ§a do PiauÃ­,2014,PI,ValenÃ§a do PiauÃ­
IFES,Instituto Federal do EspÃ­rito Santo,Campus AvanÃ§ado Viana,2014,ES,Viana
IFMA,Instituto Federal do MaranhÃ£o,Campus Viana,2014,MA,Viana
IFAL,Instituto Federal de Alagoas,Campus ViÃ§osa,2014,AL,ViÃ§osa
IFPA,Instituto Federal do ParÃ¡,Campus AvanÃ§ado Vigia,2014,PA,Vigia
IFC,Instituto Federal Catarinense,Campus AvanÃ§ado Abelardo Luz,2015,SC,Abelardo Luz
IFMT,Instituto Federal de Mato Grosso,Campus Alta Floresta,2015,MT,Alta Floresta
IFRS,Instituto Federal do Rio Grande do Sul,Campus Alvorada,2015,RS,Alvorada
IFPR,Instituto Federal do ParanÃ¡,Campus AvanÃ§ado Astorga,2015,PR,Astorga
IFRR,Instituto Federal de Roraima,Campus AvanÃ§ado Bonfim,2015,RR,Bonfim
IFPB,Instituto Federal da ParaÃ­ba,Campus AvanÃ§ado Cabedelo Centro,2015,PB,Cabedelo
IFF,Instituto Federal Fluminense,Polo de InovaÃ§Ã£o Campos dos Goytacazes,2015,RJ,Campos dos Goytacazes
IFPR,Instituto Federal do ParanÃ¡,Campus Capanema,2015,PR,Capanema
IF Sudeste MG,Instituto Federal do Sudeste de Minas Gerais,Campus AvanÃ§ado Cataguases,2015,MG,Cataguases
IFPB,Instituto Federal da ParaÃ­ba,Campus CatolÃ© do Rocha,2015,PB,CatolÃ© do Rocha
IFMG,Instituto Federal de Minas Gerais,Campus AvanÃ§ado Conselheiro Lafaiete,2015,MG,Conselheiro Lafaiete
IFPR,Instituto Federal do ParanÃ¡,Campus AvanÃ§ado Coronel Vivida,2015,PR,Coronel Vivida
IFBA,Instituto Federal da Bahia,Campus Euclides da Cunha,2015,BA,Euclides da Cunha
IFMG,Instituto Federal de Minas Gerais,Polo de InovaÃ§Ã£o Formiga,2015,MG,Formiga
IFTO,Instituto Federal do Tocantins,Campus AvanÃ§ado Formoso do Araguaia,2015,TO,Formoso do Araguaia
IFCE,Instituto Federal do CearÃ¡,Polo de InovaÃ§Ã£o Fortaleza,2015,CE,Fortaleza
IFPR,Instituto Federal do ParanÃ¡,Campus AvanÃ§ado GoioerÃª,2015,PR,GoioerÃª
IFSP,Instituto Federal de SÃ£o Paulo,Campus AvanÃ§ado Ilha Solteira,2015,SP,Ilha Solteira
IFMG,Instituto Federal de Minas Gerais,Campus AvanÃ§ado Itabirito,2015,MG,Itabirito
IFSP,Instituto Federal de SÃ£o Paulo,Campus JacareÃ­,2015,SP,JacareÃ­
IFPR,Instituto Federal do ParanÃ¡,Campus JaguariaÃ­va,2015,PR,JaguariaÃ­va
IFNMG,Instituto Federal do Norte de Minas Gerais,Campus AvanÃ§ado JanaÃºba,2015,MG,JanaÃºba
IFBA,Instituto Federal da Bahia,Campus Juazeiro,2015,BA,Juazeiro
IFRN,Instituto Federal do Rio Grande do Norte,Campus AvanÃ§ado Lajes,2015,RN,Lajes
IF Sudeste MG,Instituto Federal do Sudeste de Minas Gerais,Campus ManhuaÃ§u,2015,MG,ManhuaÃ§u
IFF,Instituto Federal Fluminense,Campus AvanÃ§ado MaricÃ¡,2015,RJ,MaricÃ¡
IFAL,Instituto Federal de Alagoas,Campus Murici,2015,AL,Murici
IFRN,Instituto Federal do Rio Grande do Norte,Campus AvanÃ§ado Parelhas,2015,RN,Parelhas
IFPR,Instituto Federal do ParanÃ¡,Campus Pinhais,2015,PR,Pinhais
IFPR,Instituto Federal do ParanÃ¡,Campus Pitanga,2015,PR,Pitanga
IFMG,Instituto Federal de Minas Gerais,Campus AvanÃ§ado Ponte Nova,2015,MG,Ponte Nova
IF Goiano,Instituto Federal Goiano,Campus Posse,2015,GO,Posse
IFPR,Instituto Federal do ParanÃ¡,Campus AvanÃ§ado Quedas do IguaÃ§u,2015,PR,Quedas do IguaÃ§u
IFRS,Instituto Federal do Rio Grande do Sul,Campus Rolante,2015,RS,Rolante
IFBA,Instituto Federal da Bahia,Polo de InovaÃ§Ã£o Salvador,2015,BA,Salvador
IFAP,Instituto Federal do AmapÃ¡,Campus Santana,2015,AP,Santana
IFF,Instituto Federal Fluminense,Campus Santo AntÃ¿nio de PÃ¡dua,2015,RJ,Santo AntÃ¿nio de PÃ¡dua
IFSC,Instituto Federal de Santa Catarina,Campus AvanÃ§ado SÃ£o LourenÃ§o do Oeste,2015,SC,SÃ£o LourenÃ§o do Oeste
IF Sudeste MG,Instituto Federal do Sudeste de Minas Gerais,Campus AvanÃ§ado UbÃ¡,2015,MG,UbÃ¡
IFBA,Instituto Federal da Bahia,Campus AvanÃ§ado Ubaitaba,2015,BA,Ubaitaba
IFTM,Instituto Federal do TriÃ¢ngulo Mineiro,Campus AvanÃ§ado Uberaba Parque TecnolÃ³gico,2015,MG,Uberaba
IFPR,Instituto Federal do ParanÃ¡,Campus UniÃ£o da VitÃ³ria,2015,PR,UniÃ£o da VitÃ³ria
IFRS,Instituto Federal do Rio Grande do Sul,Campus Vacaria,2015,RS,Vacaria
IFG,Instituto Federal de GoiÃ¡s,Campus ValparaÃ­so de GoiÃ¡s,2015,GO,ValparaÃ­so de GoiÃ¡s
IFRS,Instituto Federal do Rio Grande do Sul,Campus AvanÃ§ado VeranÃ³polis,2015,RS,VeranÃ³polis
IFES,Instituto Federal do EspÃ­rito Santo,Polo de InovaÃ§Ã£o VitÃ³ria,2015,ES,VitÃ³ria
IF Baiano,Instituto Federal Baiano,Campus Alagoinhas,2016,BA,Alagoinhas
IFPA,Instituto Federal do ParÃ¡,Campus Ananindeua,2016,PA,Ananindeua
IFMA,Instituto Federal do MaranhÃ£o,Campus Araioses,2016,MA,Araioses
IFMG,Instituto Federal de Minas Gerais,Campus AvanÃ§ado Arcos,2016,MG,Arcos
IFES,Instituto Federal do EspÃ­rito Santo,Campus Barra de SÃ£o Francisco,2016,ES,Barra de SÃ£o Francisco
IFCE,Instituto Federal do CearÃ¡,Campus Boa Viagem,2016,CE,Boa Viagem
IFPA,Instituto Federal do ParÃ¡,Campus CametÃ¡,2016,PA,CametÃ¡
IF Goiano,Instituto Federal Goiano,Campus Campos Belos,2016,GO,Campos Belos
IFCE,Instituto Federal do CearÃ¡,Campus PecÃ©m,2016,CE,Caucaia
IFPR,Instituto Federal do ParanÃ¡,Campus Colombo,2016,PR,Colombo
IFPB,Instituto Federal da ParaÃ­ba,Campus AvanÃ§ado JoÃ£o Pessoa Mangabeira,2016,PB,Coronel JoÃ£o Pessoa
IFNMG,Instituto Federal do Norte de Minas Gerais,Campus Diamantina,2016,MG,Diamantina
IFMS,Instituto Federal de Mato Grosso do Sul,Campus Dourados,2016,MS,Dourados
IFAM,Instituto Federal do Amazonas,Campus EirunepÃ©,2016,AM,EirunepÃ©
IFPB,Instituto Federal da ParaÃ­ba,Campus EsperanÃ§a,2016,PB,EsperanÃ§a
IFRO,Instituto Federal de RondÃ¿nia,Campus GuajarÃ¡-Mirim,2016,RO,GuajarÃ¡-Mirim
IFMT,Instituto Federal de Mato Grosso,Campus AvanÃ§ado GuarantÃ£ do Norte,2016,MT,GuarantÃ£ do Norte
IFCE,Instituto Federal do CearÃ¡,Campus Horizonte,2016,CE,Horizonte
IFPE,Instituto Federal de Pernambuco,Campus Igarassu,2016,PE,Igarassu
IFPB,Instituto Federal da ParaÃ­ba,Campus Itabaiana - IFPB,2016,PB,Itabaiana
IF Baiano,Instituto Federal Baiano,Campus Itaberaba,2016,BA,Itaberaba
IFAM,Instituto Federal do Amazonas,Campus Itacoatiara,2016,AM,Itacoatiara
IFMA,Instituto Federal do MaranhÃ£o,Campus Itapecuru Mirim,2016,MA,Itapecuru-Mirim
IFCE,Instituto Federal do CearÃ¡,Campus Itapipoca,2016,CE,Itapipoca
IFPB,Instituto Federal da ParaÃ­ba,Campus Itaporanga,2016,PB,Itaporanga
IFSP,Instituto Federal de SÃ£o Paulo,Campus Itaquaquecetuba,2016,SP,Itaquaquecetuba
IFMS,Instituto Federal de Mato Grosso do Sul,Campus Jardim,2016,MS,Jardim
IFRO,Instituto Federal de RondÃ¿nia,Campus Jaru,2016,RO,Jaru
IFPI,Instituto Federal do PiauÃ­,Campus AvanÃ§ado JosÃ© de Freitas,2016,PI,JosÃ© de Freitas
IFSP,Instituto Federal de SÃ£o Paulo,Campus AvanÃ§ado JundiaÃ­,2016,SP,JundiaÃ­
IFBA,Instituto Federal da Bahia,Campus Lauro de Freitas,2016,BA,Lauro de Freitas
IFMT,Instituto Federal de Mato Grosso,Campus AvanÃ§ado Lucas do Rio Verde,2016,MT,Lucas do Rio Verde
IFAL,Instituto Federal de Alagoas,Campus AvanÃ§ado MaceiÃ³ Benedito Bentes,2016,AL,MaceiÃ³
IFRJ,Instituto Federal do Rio de Janeiro,Campus AvanÃ§ado Mesquita,2016,RJ,Mesquita
IFMS,Instituto Federal de Mato Grosso do Sul,Campus NaviraÃ­,2016,MS,NaviraÃ­
IFS,Instituto Federal de Sergipe,Campus Nossa Senhora do Socorro,2016,SE,Nossa Senhora do Socorro
IFSul,Instituto Federal Sul-rio-grandense,Campus Novo Hamburgo,2016,RS,Novo Hamburgo
IFAP,Instituto Federal do AmapÃ¡,Campus AvanÃ§ado Oiapoque,2016,AP,Oiapoque
IFPE,Instituto Federal de Pernambuco,Campus Olinda,2016,PE,Olinda
IFCE,Instituto Federal do CearÃ¡,Campus Paracuru,2016,CE,Paracuru
IFPA,Instituto Federal do ParÃ¡,Campus Paragominas,2016,PA,Paragominas
IFPE,Instituto Federal de Pernambuco,Campus Paulista,2016,PE,Paulista
IFNMG,Instituto Federal do Norte de Minas Gerais,Campus AvanÃ§ado Porteirinha,2016,MG,Porteirinha
IFAP,Instituto Federal do AmapÃ¡,Campus Porto Grande,2016,AP,Porto Grande
IFRJ,Instituto Federal do Rio de Janeiro,Campus AvanÃ§ado Resende,2016,RJ,Resende
IFES,Instituto Federal do EspÃ­rito Santo,Campus Centro Serrano,2016,ES,Santa Maria de JetibÃ¡
IFPB,Instituto Federal da ParaÃ­ba,Campus Santa Rita,2016,PB,Santa Rita
IFBA,Instituto Federal da Bahia,Campus Santo AntÃ¿nio de Jesus,2016,BA,Santo AntÃ¿nio de Jesus
IFC,Instituto Federal Catarinense,Campus SÃ£o Bento do Sul,2016,SC,SÃ£o Bento do Sul
IFSP,Instituto Federal de SÃ£o Paulo,Campus SÃ£o Paulo Pirituba,2016,SP,SÃ£o Paulo
IF Baiano,Instituto Federal Baiano,Campus Serrinha,2016,BA,Serrinha
IFMT,Instituto Federal de Mato Grosso,Campus AvanÃ§ado Sinop,2016,MT,Sinop
IFPB,Instituto Federal da ParaÃ­ba,Campus AvanÃ§ado Soledade,2016,PB,Soledade
IFSP,Instituto Federal de SÃ£o Paulo,Campus Sorocaba,2016,SP,Sorocaba
IFAM,Instituto Federal do Amazonas,Campus TefÃ©,2016,AM,TefÃ©
IFNMG,Instituto Federal do Norte de Minas Gerais,Campus TeÃ³filo Otoni,2016,MG,TeÃ³filo Otoni
IF Goiano,Instituto Federal Goiano,Campus Trindade,2016,GO,Trindade
IFSP,Instituto Federal de SÃ£o Paulo,Campus AvanÃ§ado TupÃ£,2016,SP,TupÃ£
IFRS,Instituto Federal do Rio Grande do Sul,Campus ViamÃ£o,2016,RS,ViamÃ£o
IF Baiano,Instituto Federal Baiano,Campus Xique-Xique,2016,BA,Xique-Xique
IFPE,Instituto Federal de Pernambuco,Campus Abreu e Lima,2017,PE,Abreu e Lima
IFCE,Instituto Federal do CearÃ¡,Campus Acopiara,2017,CE,Acopiara
IFCE,Instituto Federal do CearÃ¡,Campus Maranguape,2017,CE,Maranguape
IFPB,Instituto Federal da ParaÃ­ba,Campus Santa Luzia - IFPB,2017,PB,Santa Luzia
IFSP,Instituto Federal de SÃ£o Paulo,Campus SÃ£o JosÃ© do Rio Preto,2017,SP,SÃ£o JosÃ© do Rio Preto
IFPR,Instituto Federal do ParanÃ¡,Campus AvanÃ§ado Arapongas,2018,PR,Arapongas
IFRJ,Instituto Federal do Rio de Janeiro,Campus Belford Roxo,2018,RJ,Belford Roxo
IFAM,Instituto Federal do Amazonas,Campus AvanÃ§ado Boca do Acre,2018,AM,Boca do Acre
IFPB,Instituto Federal da ParaÃ­ba,Polo de InovaÃ§Ã£o JoÃ£o Pessoa,2018,PB,Coronel JoÃ£o Pessoa
IFSC,Instituto Federal de Santa Catarina,Polo de InovaÃ§Ã£o FlorianÃ³polis,2018,SC,FlorianÃ³polis
IFMG,Instituto Federal de Minas Gerais,Campus IbiritÃ©,2018,MG,IbiritÃ©
IFAM,Instituto Federal do Amazonas,Campus AvanÃ§ado Iranduba,2018,AM,Iranduba
IFRN,Instituto Federal do Rio Grande do Norte,Campus AvanÃ§ado Jucurutu,2018,RN,Jucurutu
IFSULDEMINAS,Instituto Federal do Sul de Minas Gerais,Polo de InovaÃ§Ã£o Machado,2018,MG,Machado
IFCE,Instituto Federal do CearÃ¡,Campus AvanÃ§ado MombaÃ§a,2018,CE,MombaÃ§a
IFRN,Instituto Federal do Rio Grande do Norte,Campus AvanÃ§ado Natal Zona Leste,2018,RN,Natal
IFRJ,Instituto Federal do Rio de Janeiro,Campus NiterÃ³i - IFRJ,2018,RJ,NiterÃ³i
IF Goiano,Instituto Federal Goiano,Polo de InovaÃ§Ã£o Rio Verde,2018,GO,Rio Verde
IFRJ,Instituto Federal do Rio de Janeiro,Campus SÃ£o JoÃ£o de Meriti,2018,RJ,SÃ£o JoÃ£o de Meriti
IFRO,Instituto Federal de RondÃ¿nia,Campus AvanÃ§ado SÃ£o Miguel do GuaporÃ©,2018,RO,SÃ£o Miguel do GuaporÃ©
IFSP,Instituto Federal de SÃ£o Paulo,Campus AvanÃ§ado SÃ£o Paulo - SÃ£o Miguel,2018,SP,SÃ£o Paulo
IFPB,Instituto Federal da ParaÃ­ba,Campus AvanÃ§ado Areia,2020,PB,Areia
IFPB,Instituto Federal da ParaÃ­ba,Campus AvanÃ§ado Pedras de Fogo,2020,PB,Pedras de Fogo
IFS,Instituto Federal de Sergipe,Campus PoÃ§o Redondo,2020,SE,PoÃ§o Redondo
IFMA,Instituto Federal do MaranhÃ£o,Campus Presidente Dutra,2020,MA,Presidente Dutra
IFG,Instituto Federal de GoiÃ¡s,Polo de InovaÃ§Ã£o GoiÃ¢nia,2021,GO,GoiÃ¢nia
IFF,Instituto Federal Fluminense,Campus ItaboraÃ­,2021,RJ,ItaboraÃ­
IFAM,Instituto Federal do Amazonas,Polo de InovaÃ§Ã£o Manaus,2021,AM,Manaus
IFSP,Instituto Federal de SÃ£o Paulo,Polo de InovaÃ§Ã£o MatÃ£o,2021,SP,MatÃ£o
IFTM,Instituto Federal do TriÃ¢ngulo Mineiro,Polo de InovaÃ§Ã£o Uberaba,2021,MG,Uberaba
IFSP,Instituto Federal de SÃ£o Paulo,Campus Bauru,2022,SP,Bauru
IFES,Instituto Federal do EspÃ­rito Santo,Campus Laranja da Terra,2022,ES,Laranja da Terra
IFSP,Instituto Federal de SÃ£o Paulo,Campus Miracatu,2022,SP,Miracatu
IFES,Instituto Federal do EspÃ­rito Santo,Campus Pedro CanÃ¡rio,2022,ES,Pedro CanÃ¡rio
IFES,Instituto Federal do EspÃ­rito Santo,Campus Presidente Kennedy,2022,ES,Presidente Kennedy
IFSP,Instituto Federal de SÃ£o Paulo,Campus Presidente Prudente,2022,SP,Presidente Prudente
IFSP,Instituto Federal de SÃ£o Paulo,Campus Rio Claro,2022,SP,Rio Claro
